{"cameraMode":{"drawMode":0,"name":"Shaded","section":"Shading Mode"},"sceneLighting":true,"audioPlay":false,"sceneViewState":{"m_AlwaysRefresh":false,"showFog":true,"showSkybox":true,"showFlares":true,"showImageEffects":true,"showParticleSystems":true,"showVisualEffectGraphs":true,"m_FxEnabled":true},"in2DMode":false,"pivot":{"x":-43.98705291748047,"y":-0.5456686019897461,"z":-20.327045440673829},"rotation":{"x":-0.005651442799717188,"y":0.9918268322944641,"z":-0.11839620023965836,"w":-0.04734538123011589},"size":33.06658172607422,"orthographic":false}