{"cameraMode":{"drawMode":0,"name":"Shaded","section":"Shading Mode"},"sceneLighting":false,"audioPlay":false,"sceneViewState":{"m_AlwaysRefresh":false,"showFog":true,"showSkybox":false,"showFlares":true,"showImageEffects":true,"showParticleSystems":true,"showVisualEffectGraphs":true,"m_FxEnabled":true},"in2DMode":false,"pivot":{"x":0.00019997358322143555,"y":0.05619543790817261,"z":-0.05174835026264191},"rotation":{"x":-0.005651442799717188,"y":0.9918268322944641,"z":-0.11839620023965836,"w":-0.04734538123011589},"size":0.8585228323936462,"orthographic":false}